genotype,scifil,diffusion,fitree,fitclone,scifil_rank,diffusion_rank,fitree_rank,fitclone_rank
NRAS,0.0005634146341457758,2.114386166374943,0.35768864530676203,-0.019869389024696097,9.0,4.0,3.0,8.0
TP53,0.00043983739837316627,9.654418184148753,0.32516477160354595,-0.04627210455895282,14.0,1.0,4.0,14.0
IDH2,0.00046178861788548353,0.7271214602334338,0.28953646005060585,-0.04475586167251448,10.0,6.0,6.0,13.0
DNMT3A,0.0003869918699175301,0.37493525108928305,0.24769142145137724,-0.03698697082998597,17.0,10.0,12.0,9.0
NPM1,0.0004471544715438647,0.39230591086459426,0.27866898325616507,-0.06844661444945478,12.0,8.0,7.0,19.0
FLT3,0.0004495934959340975,1.670384721630583,0.2771733287375089,-0.044658027622682506,11.0,5.0,8.0,12.0
TET2,0.00035203252032456334,0.36145712437870536,0.2465635150443033,-0.019579347308574264,20.0,11.0,14.0,7.0
SRSF2,0.00039918699186847206,0.16222523345338322,0.24810528951074717,-0.06302366077648172,16.0,15.0,11.0,18.0
"FLT3, DNMT3A",0.000809756097560177,0.42486919574386167,0.22958676519971077,-0.05646046795469718,6.0,7.0,17.0,17.0
"FLT3, NPM1",0.0009186991869916117,0.3508046876765891,0.2567086234547251,0.00028876742129209897,5.0,12.0,10.0,3.0
"DNMT3A, IDH2, SRSF2",0.0014081300812998077,0.10176147469347643,1.1734662102183653,-0.009315861686547333,1.0,19.0,1.0,4.0
SF3B1,0.00044390243902392434,0.1604115785595983,0.24748709505009803,-0.044560259476123375,13.0,16.0,13.0,11.0
WT1,0.0004382113821130851,9.03318262487779,0.26348960819488365,-0.04052659645857615,15.0,2.0,9.0,10.0
KRAS,0.0003674796747952236,0.13060574580333625,0.22847933142396726,-0.05550551730900912,19.0,17.0,18.0,16.0
"NPM1, PTPN11",0.0009252032520314923,0.32633179552886965,0.9510570365464062,-0.018123647120256697,4.0,13.0,2.0,6.0
"DNMT3A, IDH2",0.000795121951217892,0.09012780939081884,0.23863431721602768,-0.04758882285543873,7.0,20.0,15.0,15.0
"DNMT3A, TP53",0.000952845528455537,0.11806367869318876,0.22216303181210373,0.006946643139530351,3.0,18.0,19.0,1.0
RUNX1,0.0003764227642262252,0.38926154439191607,0.23788732158253856,-0.01612614120813956,18.0,9.0,16.0,5.0
"DNMT3A, NRAS",0.0007886178861780113,0.16468907941297717,0.15079083784313374,0.004960138011544935,8.0,14.0,20.0,2.0
"GATA2, MYC",0.0012430894308943508,3.909405620775696,0.3028928207043311,-0.0853787007019817,2.0,3.0,5.0,20.0
